domain,is_malicious,risk_score,source
google.com,0,4,GoogleSafeBrowsing
youtube.com,0,5,GoogleSafeBrowsing
facebook.com,0,6,GoogleSafeBrowsing
amazon.com,0,7,GoogleSafeBrowsing
microsoft.com,0,5,GoogleSafeBrowsing
apple.com,0,6,GoogleSafeBrowsing
openai.com,0,8,GoogleSafeBrowsing
github.com,0,9,GoogleSafeBrowsing
stackoverflow.com,0,7,GoogleSafeBrowsing
linkedin.com,0,8,GoogleSafeBrowsing
reddit.com,0,9,GoogleSafeBrowsing
netflix.com,0,7,GoogleSafeBrowsing
paypal.com,0,10,GoogleSafeBrowsing
cloudflare.com,0,6,GoogleSafeBrowsing
oracle.com,0,7,GoogleSafeBrowsing
adobe.com,0,6,GoogleSafeBrowsing
slack.com,0,8,GoogleSafeBrowsing
spotify.com,0,7,GoogleSafeBrowsing
zoom.us,0,8,GoogleSafeBrowsing
salesforce.com,0,7,GoogleSafeBrowsing
bbc.com,0,4,GoogleSafeBrowsing
cnn.com,0,5,GoogleSafeBrowsing
nytimes.com,0,6,GoogleSafeBrowsing
mozilla.org,0,5,GoogleSafeBrowsing
wikipedia.org,0,3,GoogleSafeBrowsing
whatsapp.com,0,8,GoogleSafeBrowsing
instagram.com,0,7,GoogleSafeBrowsing
dropbox.com,0,8,GoogleSafeBrowsing
airbnb.com,0,7,GoogleSafeBrowsing
uber.com,0,6,GoogleSafeBrowsing
twitter.com,0,6,GoogleSafeBrowsing
pinterest.com,0,7,GoogleSafeBrowsing
quora.com,0,8,GoogleSafeBrowsing
twitch.tv,0,7,GoogleSafeBrowsing
tiktok.com,0,9,GoogleSafeBrowsing
snapchat.com,0,8,GoogleSafeBrowsing
wordpress.com,0,6,GoogleSafeBrowsing
blogger.com,0,5,GoogleSafeBrowsing
medium.com,0,7,GoogleSafeBrowsing
wix.com,0,8,GoogleSafeBrowsing
shopify.com,0,9,GoogleSafeBrowsing
ebay.com,0,7,GoogleSafeBrowsing
etsy.com,0,6,GoogleSafeBrowsing
aliexpress.com,0,8,GoogleSafeBrowsing
walmart.com,0,6,GoogleSafeBrowsing
target.com,0,5,GoogleSafeBrowsing
bestbuy.com,0,7,GoogleSafeBrowsing
homedepot.com,0,6,GoogleSafeBrowsing
lowes.com,0,5,GoogleSafeBrowsing
costco.com,0,4,GoogleSafeBrowsing
starbucks.com,0,3,GoogleSafeBrowsing
mcdonalds.com,0,4,GoogleSafeBrowsing
nike.com,0,6,GoogleSafeBrowsing
adidas.com,0,5,GoogleSafeBrowsing
disney.com,0,3,GoogleSafeBrowsing
espn.com,0,7,GoogleSafeBrowsing
hulu.com,0,8,GoogleSafeBrowsing
hbo.com,0,7,GoogleSafeBrowsing
imdb.com,0,5,GoogleSafeBrowsing
craigslist.org,0,9,GoogleSafeBrowsing
yelp.com,0,6,GoogleSafeBrowsing
tripadvisor.com,0,7,GoogleSafeBrowsing
expedia.com,0,8,GoogleSafeBrowsing
booking.com,0,9,GoogleSafeBrowsing
hotels.com,0,7,GoogleSafeBrowsing
capitalone.com,0,8,GoogleSafeBrowsing
chase.com,0,9,GoogleSafeBrowsing
wellsfargo.com,0,7,GoogleSafeBrowsing
citi.com,0,8,GoogleSafeBrowsing
boa.com,0,9,GoogleSafeBrowsing
td.com,0,6,GoogleSafeBrowsing
hsbc.com,0,7,GoogleSafeBrowsing
barclays.com,0,8,GoogleSafeBrowsing
deutschebank.com,0,9,GoogleSafeBrowsing
ubs.com,0,7,GoogleSafeBrowsing
credit-suisse.com,0,8,GoogleSafeBrowsing
santander.com,0,6,GoogleSafeBrowsing
bbva.com,0,5,GoogleSafeBrowsing
bnp-paribas.com,0,7,GoogleSafeBrowsing
societegenerale.com,0,8,GoogleSafeBrowsing
ing.com,0,6,GoogleSafeBrowsing
rabobank.com,0,5,GoogleSafeBrowsing
unicredit.com,0,7,GoogleSafeBrowsing
intesa.com,0,8,GoogleSafeBrowsing
standardchartered.com,0,9,GoogleSafeBrowsing
anz.com,0,6,GoogleSafeBrowsing
commonwealthbank.com,0,7,GoogleSafeBrowsing
westpac.com,0,8,GoogleSafeBrowsing
nab.com,0,9,GoogleSafeBrowsing
scotiabank.com,0,7,GoogleSafeBrowsing
rbc.com,0,8,GoogleSafeBrowsing
cibc.com,0,9,GoogleSafeBrowsing
tdbank.com,0,6,GoogleSafeBrowsing
bmo.com,0,7,GoogleSafeBrowsing
nationalbank.com,0,8,GoogleSafeBrowsing
atb.com,0,5,GoogleSafeBrowsing
servus.com,0,4,GoogleSafeBrowsing
affinity.com,0,6,GoogleSafeBrowsing
vancity.com,0,7,GoogleSafeBrowsing
coastcapital.com,0,8,GoogleSafeBrowsing
blue-shield.com,0,5,GoogleSafeBrowsing
kaiser-permanente.org,0,6,GoogleSafeBrowsing
united-healthcare.com,0,7,GoogleSafeBrowsing
aetna.com,0,8,GoogleSafeBrowsing
cigna.com,0,9,GoogleSafeBrowsing
humana.com,0,7,GoogleSafeBrowsing
centene.com,0,8,GoogleSafeBrowsing
anthem.com,0,9,GoogleSafeBrowsing
molina-healthcare.com,0,6,GoogleSafeBrowsing
health-net.com,0,7,GoogleSafeBrowsing
premera.com,0,8,GoogleSafeBrowsing
regence.com,0,9,GoogleSafeBrowsing
harvard.edu,0,3,GoogleSafeBrowsing
stanford.edu,0,4,GoogleSafeBrowsing
mit.edu,0,5,GoogleSafeBrowsing
caltech.edu,0,6,GoogleSafeBrowsing
princeton.edu,0,7,GoogleSafeBrowsing
yale.edu,0,8,GoogleSafeBrowsing
columbia.edu,0,9,GoogleSafeBrowsing
chicago.edu,0,7,GoogleSafeBrowsing
penn.edu,0,8,GoogleSafeBrowsing
johnshopkins.edu,0,9,GoogleSafeBrowsing
northwestern.edu,0,6,GoogleSafeBrowsing
duke.edu,0,7,GoogleSafeBrowsing
dartmouth.edu,0,8,GoogleSafeBrowsing
brown.edu,0,9,GoogleSafeBrowsing
vanderbilt.edu,0,7,GoogleSafeBrowsing
cornell.edu,0,8,GoogleSafeBrowsing
rice.edu,0,9,GoogleSafeBrowsing
wustl.edu,0,6,GoogleSafeBrowsing
emory.edu,0,7,GoogleSafeBrowsing
georgetown.edu,0,8,GoogleSafeBrowsing
berkeley.edu,0,9,GoogleSafeBrowsing
ucla.edu,0,7,GoogleSafeBrowsing
usc.edu,0,8,GoogleSafeBrowsing
michigan.edu,0,9,GoogleSafeBrowsing
unc.edu,0,6,GoogleSafeBrowsing
virginia.edu,0,7,GoogleSafeBrowsing
gatech.edu,0,8,GoogleSafeBrowsing
nyu.edu,0,9,GoogleSafeBrowsing
tufts.edu,0,7,GoogleSafeBrowsing
brandeis.edu,0,8,GoogleSafeBrowsing
case.edu,0,9,GoogleSafeBrowsing
lehigh.edu,0,6,GoogleSafeBrowsing
bu.edu,0,7,GoogleSafeBrowsing
neu.edu,0,8,GoogleSafeBrowsing
tamu.edu,0,9,GoogleSafeBrowsing
purdue.edu,0,7,GoogleSafeBrowsing
uiuc.edu,0,8,GoogleSafeBrowsing
osu.edu,0,9,GoogleSafeBrowsing
psu.edu,0,6,GoogleSafeBrowsing
msu.edu,0,7,GoogleSafeBrowsing
iu.edu,0,8,GoogleSafeBrowsing
ku.edu,0,9,GoogleSafeBrowsing
ou.edu,0,7,GoogleSafeBrowsing
asu.edu,0,8,GoogleSafeBrowsing
ua.edu,0,9,GoogleSafeBrowsing
uf.edu,0,6,GoogleSafeBrowsing
fsu.edu,0,7,GoogleSafeBrowsing
umiami.edu,0,8,GoogleSafeBrowsing
ut.edu,0,9,GoogleSafeBrowsing
utexas.edu,0,7,GoogleSafeBrowsing
austin.utexas.edu,0,8,GoogleSafeBrowsing
webex.com,0,5,GoogleSafeBrowsing
cisco.com,0,6,GoogleSafeBrowsing
dell.com,0,5,GoogleSafeBrowsing
hp.com,0,4,GoogleSafeBrowsing
ibm.com,0,6,GoogleSafeBrowsing
intel.com,0,7,GoogleSafeBrowsing
amd.com,0,5,GoogleSafeBrowsing
nvidia.com,0,6,GoogleSafeBrowsing
qualcomm.com,0,7,GoogleSafeBrowsing
siemens.com,0,6,GoogleSafeBrowsing
ge.com,0,5,GoogleSafeBrowsing
boeing.com,0,6,GoogleSafeBrowsing
lockheed.com,0,7,GoogleSafeBrowsing
raytheon.com,0,8,GoogleSafeBrowsing
northrop.com,0,7,GoogleSafeBrowsing
gm.com,0,4,GoogleSafeBrowsing
ford.com,0,5,GoogleSafeBrowsing
toyota.com,0,6,GoogleSafeBrowsing
honda.com,0,5,GoogleSafeBrowsing
mercedes-benz.com,0,7,GoogleSafeBrowsing
bmw.com,0,6,GoogleSafeBrowsing
audi.com,0,5,GoogleSafeBrowsing
volkswagen.com,0,7,GoogleSafeBrowsing
pepsi.com,0,3,GoogleSafeBrowsing
cocacola.com,0,4,GoogleSafeBrowsing
pepsi.com,0,3,GoogleSafeBrowsing
nestle.com,0,5,GoogleSafeBrowsing
unilever.com,0,6,GoogleSafeBrowsing
procter.com,0,7,GoogleSafeBrowsing
pg.com,0,6,GoogleSafeBrowsing
johnson.com,0,7,GoogleSafeBrowsing
jnj.com,0,6,GoogleSafeBrowsing
pfizer.com,0,7,GoogleSafeBrowsing
novartis.com,0,8,GoogleSafeBrowsing
roche.com,0,7,GoogleSafeBrowsing
merck.com,0,8,GoogleSafeBrowsing
gsk.com,0,6,GoogleSafeBrowsing
sanofi.com,0,7,GoogleSafeBrowsing
astrazeneca.com,0,8,GoogleSafeBrowsing
abbvie.com,0,7,GoogleSafeBrowsing
bms.com,0,6,GoogleSafeBrowsing
eliilly.com,0,7,GoogleSafeBrowsing
amgen.com,0,8,GoogleSafeBrowsing
biogen.com,0,7,GoogleSafeBrowsing
free-giftcards-now.xyz,1,45,AlienVault
online-survey-rewards.top,1,48,AlienVault
win-prize-today.site,1,42,AlienVault
cheap-software-download.cc,1,55,AlienVault
browser-update-required.info,1,52,AlienVault
video-player-update.net,1,49,AlienVault
click-redirect-service.site,1,46,AlienVault
unknown-cdn-assets.net,1,44,AlienVault
promo-coupon-center.xyz,1,47,AlienVault
free-streaming-access.top,1,53,AlienVault
mobile-app-install.site,1,41,AlienVault
instant-loan-approval.xyz,1,58,AlienVault
crypto-airdrop-check.info,1,59,AlienVault
verify-account-now.cc,1,54,AlienVault
security-alert-popup.site,1,56,AlienVault
fast-vpn-download.xyz,1,51,AlienVault
free-movie-hd.top,1,50,AlienVault
online-job-registration.info,1,43,AlienVault
cheap-flight-deals.xyz,1,45,AlienVault
bonus-reward-center.top,1,48,AlienVault
login-paypal-secure.com,1,86,PhishTank
secure-microsoft-login.net,1,89,PhishTank
appleid-verification.info,1,91,PhishTank
google-auth-check.ru,1,94,PhishTank
amazon-billing-alert.xyz,1,88,PhishTank
facebook-security-login.top,1,90,PhishTank
netflix-account-verify.site,1,87,PhishTank
bankofamerica-secure.online,1,92,PhishTank
icloud-support-login.cc,1,89,PhishTank
dhl-track-package.info,1,85,PhishTank
fedex-delivery-update.xyz,1,84,PhishTank
ups-tracking-alert.top,1,83,PhishTank
instagram-login-help.ru,1,91,PhishTank
telegram-auth-check.site,1,88,PhishTank
whatsapp-verification.online,1,90,PhishTank
malware-download.ru,1,96,VirusTotal
keygen-cracked-software.xyz,1,95,VirusTotal
ransomware-host.top,1,99,VirusTotal
botnet-command-control.net,1,98,VirusTotal
trojan-loader.site,1,94,VirusTotal
stealer-panel.ru,1,97,VirusTotal
crypto-miner-js.xyz,1,93,VirusTotal
darkweb-market.onion,1,100,VirusTotal
exploit-kit-host.cc,1,96,VirusTotal
zero-day-payload.site,1,97,VirusTotal
spam-mailer.ru,1,78,AbuseIPDB
bulk-email-sender.net,1,75,AbuseIPDB
credential-harvester.xyz,1,82,AbuseIPDB
fake-investment-platform.site,1,85,AbuseIPDB
crypto-scam-airdrop.xyz,1,88,AbuseIPDB
tech-support-scam.cc,1,81,AbuseIPDB
lottery-winner-alert.top,1,79,AbuseIPDB
romance-scam-profile.info,1,77,AbuseIPDB
fake-banking-login.site,1,84,AbuseIPDB
online-fraud-center.xyz,1,86,AbuseIPDB
exampletech.com,0,6,GoogleSafeBrowsing
globalnewswire.net,0,7,GoogleSafeBrowsing
securecloudservices.com,0,8,GoogleSafeBrowsing
modernanalytics.io,0,9,GoogleSafeBrowsing
datasciencehub.org,0,5,GoogleSafeBrowsing
opensourcelabs.net,0,7,GoogleSafeBrowsing
digitalpayments.co,0,8,GoogleSafeBrowsing
smartdevices.tech,0,6,GoogleSafeBrowsing
enterprisehosting.com,0,9,GoogleSafeBrowsing
trustedcdn.net,0,5,GoogleSafeBrowsing
learningplatform.edu,0,4,GoogleSafeBrowsing
opensourcecommunity.org,0,5,GoogleSafeBrowsing
businessinsights.co,0,7,GoogleSafeBrowsing
cloudnativeapps.io,0,8,GoogleSafeBrowsing
fintechsolutions.net,0,9,GoogleSafeBrowsing
healthcareportal.org,0,6,GoogleSafeBrowsing
researcharchive.edu,0,4,GoogleSafeBrowsing
iotplatform.tech,0,7,GoogleSafeBrowsing
devresources.io,0,6,GoogleSafeBrowsing
securemailservice.net,0,8,GoogleSafeBrowsing
freebonus-center.xyz,1,42,AlienVault
surveyreward-online.top,1,45,AlienVault
instantdeal-alert.site,1,48,AlienVault
download-manager-update.cc,1,51,AlienVault
video-stream-access.xyz,1,49,AlienVault
promo-cashback-now.top,1,44,AlienVault
browser-fix-required.site,1,53,AlienVault
unknown-assets-cdn.net,1,46,AlienVault
cheaplicense-download.xyz,1,55,AlienVault
adclick-redirect.site,1,47,AlienVault
vpn-unlock-content.top,1,52,AlienVault
mobileapp-required.xyz,1,43,AlienVault
account-check-notice.site,1,54,AlienVault
exclusive-offer-alert.cc,1,50,AlienVault
security-popup-warning.xyz,1,56,AlienVault
trial-access-stream.top,1,48,AlienVault
rewardpoints-center.site,1,45,AlienVault
instantverify-account.xyz,1,57,AlienVault
fastloan-approval.top,1,59,AlienVault
promo-code-redeem.site,1,46,AlienVault
secure-login-paypa1.com,1,88,PhishTank
account-verification-microsoft.net,1,90,PhishTank
appleid-confirmation-alert.info,1,92,PhishTank
google-authenticate-session.ru,1,94,PhishTank
amazon-payment-review.xyz,1,89,PhishTank
facebook-protect-account.top,1,91,PhishTank
netflix-renewal-required.site,1,87,PhishTank
bank-login-secureportal.online,1,93,PhishTank
icloud-recovery-login.cc,1,90,PhishTank
delivery-status-dhl.info,1,86,PhishTank
payload-dropper.ru,1,97,VirusTotal
remote-loader-service.xyz,1,95,VirusTotal
command-control-node.net,1,99,VirusTotal
stealth-miner-script.site,1,94,VirusTotal
credential-stealer-panel.ru,1,98,VirusTotal
exploit-delivery-host.cc,1,96,VirusTotal
malicious-js-inject.xyz,1,93,VirusTotal
ransomware-gateway.top,1,100,VirusTotal
backdoor-access-node.site,1,97,VirusTotal
trojan-update-channel.ru,1,95,VirusTotal
bulkspam-sender.ru,1,78,AbuseIPDB
fraud-campaign-hub.xyz,1,82,AbuseIPDB
scam-investment-portal.site,1,85,AbuseIPDB
crypto-swindle-platform.top,1,88,AbuseIPDB
fake-support-desk.cc,1,81,AbuseIPDB
romance-scam-network.info,1,79,AbuseIPDB
lottery-scam-notice.xyz,1,77,AbuseIPDB
tech-fraud-callcenter.site,1,84,AbuseIPDB
credential-farm-service.top,1,86,AbuseIPDB
phishing-fraud-core.net,1,83,AbuseIPDB
quick-money-free.xyz,1,47,AlienVault
easy-cash-bonus.top,1,52,AlienVault
prize-winner-alert.site,1,48,AlienVault
free-gift-reward.cc,1,55,AlienVault
survey-earn-cash.xyz,1,49,AlienVault
online-bonus-now.net,1,56,AlienVault
cash-reward-center.info,1,51,AlienVault
free-money-offer.site,1,53,AlienVault
instant-prize-claim.xyz,1,50,AlienVault
win-cash-daily.top,1,54,AlienVault
bonus-reward-program.site,1,47,AlienVault
free-giveaway-now.cc,1,58,AlienVault
cash-gift-promo.xyz,1,49,AlienVault
easy-money-survey.top,1,52,AlienVault
prize-draw-entry.site,1,48,AlienVault
free-cash-bonus.net,1,57,AlienVault
reward-points-center.xyz,1,50,AlienVault
online-cash-gift.top,1,55,AlienVault
instant-reward-claim.site,1,51,AlienVault
bonus-money-now.cc,1,59,AlienVault
free-money-program.xyz,1,53,AlienVault
cash-prize-alert.top,1,56,AlienVault
easy-reward-center.site,1,48,AlienVault
win-free-money.net,1,54,AlienVault
gift-card-bonus.xyz,1,52,AlienVault
survey-cash-reward.top,1,49,AlienVault
online-prize-claim.site,1,57,AlienVault
free-cash-giveaway.cc,1,58,AlienVault
money-reward-now.xyz,1,50,AlienVault
bonus-points-center.top,1,55,AlienVault
instant-cash-alert.site,1,51,AlienVault
free-gift-reward.net,1,56,AlienVault
cash-bonus-program.xyz,1,53,AlienVault
easy-money-offer.top,1,49,AlienVault
prize-reward-center.site,1,57,AlienVault
free-cash-now.cc,1,59,AlienVault
money-gift-bonus.xyz,1,52,AlienVault
online-reward-alert.top,1,48,AlienVault
win-free-cash.site,1,54,AlienVault
bonus-gift-center.net,1,55,AlienVault
instant-money-offer.xyz,1,50,AlienVault
cash-reward-now.top,1,51,AlienVault
free-prize-claim.site,1,56,AlienVault
gift-money-bonus.cc,1,58,AlienVault
survey-reward-center.xyz,1,53,AlienVault
online-cash-now.top,1,49,AlienVault
easy-prize-alert.site,1,57,AlienVault
free-bonus-money.net,1,59,AlienVault
cash-gift-reward.xyz,1,52,AlienVault
money-reward-center.top,1,48,AlienVault
instant-gift-claim.site,1,54,AlienVault
bonus-cash-now.cc,1,55,AlienVault
free-money-alert.xyz,1,50,AlienVault
prize-money-center.top,1,51,AlienVault
online-gift-reward.site,1,56,AlienVault
cash-bonus-now.net,1,58,AlienVault
reward-money-program.xyz,1,53,AlienVault
easy-cash-claim.top,1,49,AlienVault
free-gift-money.site,1,57,AlienVault
money-bonus-center.cc,1,59,AlienVault
cash-reward-alert.xyz,1,52,AlienVault
online-money-now.top,1,48,AlienVault
instant-prize-money.site,1,54,AlienVault
free-cash-center.net,1,55,AlienVault
gift-reward-bonus.xyz,1,50,AlienVault
survey-money-alert.top,1,51,AlienVault
bonus-cash-gift.site,1,56,AlienVault
money-gift-center.cc,1,58,AlienVault
cash-prize-now.xyz,1,53,AlienVault
online-bonus-money.top,1,49,AlienVault
easy-reward-cash.site,1,57,AlienVault
free-money-center.net,1,59,AlienVault
gift-cash-bonus.xyz,1,52,AlienVault
money-reward-claim.top,1,48,AlienVault
instant-cash-gift.site,1,54,AlienVault
bonus-money-center.cc,1,55,AlienVault
hackers-panel.ru,1,92,VirusTotal
exploit-database.xyz,1,94,VirusTotal
dark-web-forum.onion,1,96,VirusTotal
malware-analysis.site,1,91,VirusTotal
virus-distribution.net,1,95,VirusTotal
trojan-horse-download.xyz,1,93,VirusTotal
keylogger-software.site,1,94,VirusTotal
ransomware-builder.top,1,98,VirusTotal
botnet-infection.cc,1,96,VirusTotal
malicious-redirect.ru,1,89,VirusTotal
spyware-installer.xyz,1,92,VirusTotal
adware-bundle.site,1,87,VirusTotal
phishing-kit-download.top,1,95,VirusTotal
credit-card-stealer.ru,1,97,VirusTotal
banking-trojan.xyz,1,96,VirusTotal
cryptojacking-script.net,1,94,VirusTotal
malicious-ad-inject.site,1,91,VirusTotal
fake-antivirus.xyz,1,89,VirusTotal
scareware-popup.top,1,88,VirusTotal
rogue-software-download.site,1,93,VirusTotal
malicious-extension.cc,1,92,VirusTotal
fake-update-patch.xyz,1,90,VirusTotal
trojan-dropper.net,1,95,VirusTotal
backdoor-shell.xyz,1,96,VirusTotal
rootkit-installer.ru,1,97,VirusTotal
bootkit-download.site,1,98,VirusTotal
firmware-malware.xyz,1,94,VirusTotal
mobile-malware-apk.net,1,93,VirusTotal
ios-exploit-framework.xyz,1,95,VirusTotal
android-trojan-download.site,1,94,VirusTotal
fake-mobile-app.xyz,1,92,VirusTotal
malicious-app-store.net,1,91,VirusTotal
rogue-mobile-game.site,1,90,VirusTotal
fake-vpn-service.xyz,1,89,VirusTotal
malicious-proxy-server.net,1,93,VirusTotal
tor-exit-node-malware.xyz,1,94,VirusTotal
darknet-marketplace.onion,1,99,VirusTotal
illegal-drugs-market.ru,1,98,VirusTotal
weapons-trading.site,1,97,VirusTotal
counterfeit-goods.xyz,1,96,VirusTotal
stolen-data-market.net,1,95,VirusTotal
credit-card-dumps.site,1,97,VirusTotal
hacked-accounts-sale.xyz,1,96,VirusTotal
personal-data-leak.ru,1,95,VirusTotal
identity-theft-service.net,1,94,VirusTotal
fake-documents-for-sale.xyz,1,93,VirusTotal
passport-forgery.site,1,92,VirusTotal
drivers-license-fake.net,1,91,VirusTotal
social-security-numbers.xyz,1,90,VirusTotal
medical-records-leak.ru,1,89,VirusTotal
corporate-espionage-service.net,1,94,VirusTotal
industrial-secrets-market.xyz,1,95,VirusTotal
trade-secrets-leak.site,1,96,VirusTotal
patent-infringement.ru,1,93,VirusTotal
copyright-violation.net,1,92,VirusTotal
pirated-software-download.xyz,1,91,VirusTotal
movie-piracy-site.top,1,90,VirusTotal
music-piracy-portal.net,1,89,VirusTotal
ebook-piracy-library.xyz,1,88,VirusTotal
game-crack-download.site,1,92,VirusTotal
software-keygen-warez.ru,1,94,VirusTotal
license-activation-crack.net,1,93,VirusTotal
serial-number-generator.xyz,1,92,VirusTotal
patch-crack-download.site,1,91,VirusTotal
modded-apk-store.net,1,90,VirusTotal
jailbreak-ios-tools.xyz,1,89,VirusTotal
root-android-guide.site,1,88,VirusTotal
cheat-engine-download.net,1,87,VirusTotal
game-hack-tools.xyz,1,86,VirusTotal
aimbot-wallhack-download.site,1,85,VirusTotal
multi-hack-cheat.net,1,84,VirusTotal
esp-radar-hack.xyz,1,83,VirusTotal
speed-hack-tool.site,1,82,VirusTotal
unlimited-money-cheat.net,1,81,VirusTotal
god-mode-enabler.xyz,1,80,VirusTotal
one-hit-kill-cheat.site,1,79,VirusTotal
infinite-ammo-hack.net,1,78,VirusTotal
no-recoil-script.xyz,1,77,VirusTotal
auto-aim-bot.site,1,76,VirusTotal
trigger-bot-download.net,1,75,VirusTotal
esp-hack-software.xyz,1,74,VirusTotal
wallhack-undetected.site,1,73,VirusTotal
cheat-loader-injector.net,1,72,VirusTotal
anti-cheat-bypass.xyz,1,71,VirusTotal
vac-undetected-cheat.site,1,70,VirusTotal
easy-anti-cheat-bypass.net,1,69,VirusTotal
battle-eye-evasion.xyz,1,68,VirusTotal
fairfight-bypass-tool.site,1,67,VirusTotal
punkbuster-disabler.net,1,66,VirusTotal
xigncode3-bypass.xyz,1,65,VirusTotal
nprotect-gameguard-remove.site,1,64,VirusTotal
cheat-engine-script.net,1,63,VirusTotal
memory-hacking-tool.xyz,1,62,VirusTotal
process-hacker-download.site,1,61,VirusTotal
debugger-disassembler.net,1,60,VirusTotal
reverse-engineering-tool.xyz,1,59,VirusTotal
decompiler-software.site,1,58,VirusTotal
hex-editor-binary.net,1,57,VirusTotal
assembly-debugger.xyz,1,56,VirusTotal
malware-source-code.site,1,95,VirusTotal
exploit-tutorials.net,1,94,VirusTotal
hacking-courses-free.xyz,1,93,VirusTotal
cyber-attack-guide.site,1,92,VirusTotal
ddos-tool-download.net,1,91,VirusTotal
stresser-booter-service.xyz,1,90,VirusTotal
ip-booter-panel.site,1,89,VirusTotal
layer7-attack-tool.net,1,88,VirusTotal
layer4-ddos-script.xyz,1,87,VirusTotal
amplification-attack-guide.site,1,86,VirusTotal
botnet-for-rent.net,1,85,VirusTotal
c2-panel-download.xyz,1,84,VirusTotal
irc-botnet-control.site,1,83,VirusTotal
ddos-for-hire-service.net,1,82,VirusTotal
stresser-panel-access.xyz,1,81,VirusTotal
booter-invite-site.ru,1,80,VirusTotal
ip-stresser-free.net,1,79,VirusTotal
online-booter-tool.xyz,1,78,VirusTotal
ddos-attack-api.site,1,77,VirusTotal
stresser-script-download.net,1,76,VirusTotal
web-stress-test-tool.xyz,1,75,VirusTotal
port-scanner-online.site,1,74,VirusTotal
vulnerability-scanner.net,1,73,VirusTotal
sql-injection-tool.xyz,1,72,VirusTotal
xss-scanner-download.site,1,71,VirusTotal
csrf-exploit-tool.net,1,70,VirusTotal
lfi-rfi-scanner.xyz,1,69,VirusTotal
command-injection-tool.site,1,68,VirusTotal
path-traversal-scanner.net,1,67,VirusTotal
xxe-injection-tool.xyz,1,66,VirusTotal
ssrf-scanner-download.site,1,65,VirusTotal
deserialization-exploit.net,1,64,VirusTotal
idor-vulnerability-tool.xyz,1,63,VirusTotal
oauth-attack-tool.site,1,62,VirusTotal
jwt-hacking-tool.net,1,61,VirusTotal
api-security-scanner.xyz,1,60,VirusTotal
graphql-injection-tool.site,1,59,VirusTotal
websocket-attack-tool.net,1,58,VirusTotal
ssrf-to-rce-exploit.xyz,1,57,VirusTotal
lfi-to-rce-tool.site,1,56,VirusTotal
xss-to-rce-exploit.net,1,55,VirusTotal
csrf-to-rce-tool.xyz,1,54,VirusTotal
idor-to-rce-exploit.site,1,53,VirusTotal
deserialization-to-rce.net,1,52,VirusTotal
oauth-to-rce-tool.xyz,1,51,VirusTotal
jwt-to-rce-exploit.site,1,50,VirusTotal
api-to-rce-tool.net,1,49,VirusTotal
graphql-to-rce-exploit.xyz,1,48,VirusTotal
websocket-to-rce-tool.site,1,47,VirusTotal
path-traversal-to-rce.net,1,46,VirusTotal
xxe-to-rce-exploit.xyz,1,45,VirusTotal
ssrf-to-rce-tool.site,1,44,VirusTotal
command-injection-to-rce.net,1,43,VirusTotal
lfi-to-rce-exploit.xyz,1,42,VirusTotal
xss-to-rce-tool.site,1,41,VirusTotal
csrf-to-rce-exploit.net,1,40,VirusTotal
idor-to-rce-tool.xyz,1,39,VirusTotal
deserialization-to-rce-exploit.site,1,38,VirusTotal
oauth-to-rce-tool.net,1,37,VirusTotal
jwt-to-rce-exploit.xyz,1,36,VirusTotal
api-to-rce-tool.site,1,35,VirusTotal
graphql-to-rce-exploit.net,1,34,VirusTotal
websocket-to-rce-tool.xyz,1,33,VirusTotal
path-traversal-to-rce-exploit.site,1,32,VirusTotal
xxe-to-rce-tool.net,1,31,VirusTotal
ssrf-to-rce-exploit.xyz,1,30,VirusTotal
command-injection-to-rce-tool.site,1,29,VirusTotal
lfi-to-rce-exploit.net,1,28,VirusTotal
xss-to-rce-tool.xyz,1,27,VirusTotal
csrf-to-rce-exploit.site,1,26,VirusTotal
idor-to-rce-tool.net,1,25,VirusTotal
deserialization-to-rce-exploit.xyz,1,24,VirusTotal
oauth-to-rce-tool.site,1,23,VirusTotal
jwt-to-rce-exploit.net,1,22,VirusTotal
api-to-rce-tool.xyz,1,21,VirusTotal
graphql-to-rce-exploit.site,1,20,VirusTotal
websocket-to-rce-tool.net,1,19,VirusTotal
path-traversal-to-rce-exploit.xyz,1,18,VirusTotal
xxe-to-rce-tool.site,1,17,VirusTotal
ssrf-to-rce-exploit.net,1,16,VirusTotal
command-injection-to-rce-tool.xyz,1,15,VirusTotal
lfi-to-rce-exploit.site,1,14,VirusTotal
xss-to-rce-tool.net,1,13,VirusTotal
csrf-to-rce-exploit.xyz,1,12,VirusTotal
idor-to-rce-tool.site,1,11,VirusTotal
deserialization-to-rce-exploit.net,1,10,VirusTotal
oauth-to-rce-tool.xyz,1,9,VirusTotal
jwt-to-rce-exploit.site,1,8,VirusTotal
api-to-rce-tool.net,1,7,VirusTotal
graphql-to-rce-exploit.xyz,1,6,VirusTotal
websocket-to-rce-tool.site,1,5,VirusTotal
path-traversal-to-rce-exploit.net,1,4,VirusTotal
xxe-to-rce-tool.xyz,1,3,VirusTotal
ssrf-to-rce-exploit.site,1,2,VirusTotal
command-injection-to-rce-tool.net,1,1,VirusTotal
lfi-to-rce-exploit.xyz,1,2,VirusTotal
xss-to-rce-tool.site,1,3,VirusTotal
csrf-to-rce-exploit.net,1,4,VirusTotal
idor-to-rce-tool.xyz,1,5,VirusTotal
deserialization-to-rce-exploit.site,1,6,VirusTotal
oauth-to-rce-tool.net,1,7,VirusTotal
jwt-to-rce-exploit.xyz,1,8,VirusTotal
api-to-rce-tool.site,1,9,VirusTotal
graphql-to-rce-exploit.net,1,10,VirusTotal
websocket-to-rce-tool.xyz,1,11,VirusTotal
path-traversal-to-rce-exploit.site,1,12,VirusTotal
xxe-to-rce-tool.net,1,13,VirusTotal
ssrf-to-rce-exploit.xyz,1,14,VirusTotal
command-injection-to-rce-tool.site,1,15,VirusTotal
lfi-to-rce-exploit.net,1,16,VirusTotal
xss-to-rce-tool.xyz,1,17,VirusTotal
csrf-to-rce-exploit.site,1,18,VirusTotal
idor-to-rce-tool.net,1,19,VirusTotal
deserialization-to-rce-exploit.xyz,1,20,VirusTotal
oauth-to-rce-tool.site,1,21,VirusTotal
jwt-to-rce-exploit.net,1,22,VirusTotal
api-to-rce-tool.xyz,1,23,VirusTotal
graphql-to-rce-exploit.site,1,24,VirusTotal
websocket-to-rce-tool.net,1,25,VirusTotal
path-traversal-to-rce-exploit.xyz,1,26,VirusTotal
xxe-to-rce-tool.site,1,27,VirusTotal
ssrf-to-rce-exploit.net,1,28,VirusTotal
command-injection-to-rce-tool.xyz,1,29,VirusTotal
lfi-to-rce-exploit.site,1,30,VirusTotal
xss-to-rce-tool.net,1,31,VirusTotal
csrf-to-rce-exploit.xyz,1,32,VirusTotal
idor-to-rce-tool.site,1,33,VirusTotal
deserialization-to-rce-exploit.net,1,34,VirusTotal
oauth-to-rce-tool.xyz,1,35,VirusTotal
jwt-to-rce-exploit.site,1,36,VirusTotal
api-to-rce-tool.net,1,37,VirusTotal
graphql-to-rce-exploit.xyz,1,38,VirusTotal
websocket-to-rce-tool.site,1,39,VirusTotal
path-traversal-to-rce-exploit.net,1,40,VirusTotal
xxe-to-rce-tool.xyz,1,41,VirusTotal
ssrf-to-rce-exploit.site,1,42,VirusTotal
command-injection-to-rce-tool.net,1,43,VirusTotal
lfi-to-rce-exploit.xyz,1,44,VirusTotal
xss-to-rce-tool.site,1,45,VirusTotal
csrf-to-rce-exploit.net,1,46,VirusTotal
idor-to-rce-tool.xyz,1,47,VirusTotal
deserialization-to-rce-exploit.site,1,48,VirusTotal
oauth-to-rce-tool.net,1,49,VirusTotal
jwt-to-rce-exploit.xyz,1,50,VirusTotal
api-to-rce-tool.site,1,51,VirusTotal
graphql-to-rce-exploit.net,1,52,VirusTotal
websocket-to-rce-tool.xyz,1,53,VirusTotal
path-traversal-to-rce-exploit.site,1,54,VirusTotal
xxe-to-rce-tool.net,1,55,VirusTotal
ssrf-to-rce-exploit.xyz,1,56,VirusTotal
command-injection-to-rce-tool.site,1,57,VirusTotal
lfi-to-rce-exploit.net,1,58,VirusTotal
xss-to-rce-tool.xyz,1,59,VirusTotal
csrf-to-rce-exploit.site,1,60,VirusTotal
idor-to-rce-tool.net,1,61,VirusTotal
deserialization-to-rce-exploit.xyz,1,62,VirusTotal
oauth-to-rce-tool.site,1,63,VirusTotal
jwt-to-rce-exploit.net,1,64,VirusTotal
api-to-rce-tool.xyz,1,65,VirusTotal
graphql-to-rce-exploit.site,1,66,VirusTotal
websocket-to-rce-tool.net,1,67,VirusTotal
path-traversal-to-rce-exploit.xyz,1,68,VirusTotal
xxe-to-rce-tool.site,1,69,VirusTotal
ssrf-to-rce-exploit.net,1,70,VirusTotal
command-injection-to-rce-tool.xyz,1,71,VirusTotal
lfi-to-rce-exploit.site,1,72,VirusTotal
xss-to-rce-tool.net,1,73,VirusTotal
csrf-to-rce-exploit.xyz,1,74,VirusTotal
idor-to-rce-tool.site,1,75,VirusTotal
deserialization-to-rce-exploit.net,1,76,VirusTotal
oauth-to-rce-tool.xyz,1,77,VirusTotal
jwt-to-rce-exploit.site,1,78,VirusTotal
api-to-rce-tool.net,1,79,VirusTotal
graphql-to-rce-exploit.xyz,1,80,VirusTotal
websocket-to-rce-tool.site,1,81,VirusTotal
path-traversal-to-rce-exploit.net,1,82,VirusTotal
xxe-to-rce-tool.xyz,1,83,VirusTotal
ssrf-to-rce-exploit.site,1,84,VirusTotal
command-injection-to-rce-tool.net,1,85,VirusTotal
lfi-to-rce-exploit.xyz,1,86,VirusTotal
xss-to-rce-tool.site,1,87,VirusTotal
csrf-to-rce-exploit.net,1,88,VirusTotal
idor-to-rce-tool.xyz,1,89,VirusTotal
deserialization-to-rce-exploit.site,1,90,VirusTotal
oauth-to-rce-tool.net,1,91,VirusTotal
jwt-to-rce-exploit.xyz,1,92,VirusTotal
api-to-rce-tool.site,1,93,VirusTotal
graphql-to-rce-exploit.net,1,94,VirusTotal
websocket-to-rce-tool.xyz,1,95,VirusTotal
path-traversal-to-rce-exploit.site,1,96,VirusTotal
xxe-to-rce-tool.net,1,97,VirusTotal
ssrf-to-rce-exploit.xyz,1,98,VirusTotal
command-injection-to-rce-tool.site,1,99,VirusTotal
lfi-to-rce-exploit.net,1,100,VirusTotal
myblog.xyz,0,5,GoogleSafeBrowsing
techstartup.top,0,6,GoogleSafeBrowsing
portfolio.site,0,7,GoogleSafeBrowsing
hobbyproject.online,0,8,GoogleSafeBrowsing
familyphotos.info,0,5,GoogleSafeBrowsing
localbusiness.cc,0,6,GoogleSafeBrowsing
freelancer.work,0,7,GoogleSafeBrowsing
artgallery.biz,0,8,GoogleSafeBrowsing
musician.club,0,5,GoogleSafeBrowsing
photography.win,0,6,GoogleSafeBrowsing
secure-login-paypal.com,1,85,PhishTank
appleid-verification.net,1,86,PhishTank
microsoft-security-update.org,1,87,PhishTank
google-drive-backup.co,1,88,PhishTank
facebook-account-recovery.io,1,89,PhishTank
netflix-payment-update.com,1,90,PhishTank
amazon-gift-card-claim.net,1,91,PhishTank
bankofamerica-alert.org,1,92,PhishTank
chase-online-verify.com,1,93,PhishTank
wellsfargo-secure-login.co,1,94,PhishTank
g00gle.com,1,85,PhishTank
faceb00k.com,1,86,PhishTank
amaz0n.com,1,87,PhishTank
micr0soft.com,1,88,PhishTank
y0utube.com,1,89,PhishTank
paypai.com,1,90,PhishTank
whatsapp-login.com,1,91,PhishTank
instagrarn.com,1,92,PhishTank
twltter.com,1,93,PhishTank
netfl1x.com,1,94,PhishTank
web3-project.xyz,0,5,GoogleSafeBrowsing
project-2024.com,0,6,GoogleSafeBrowsing
team5-collab.net,0,7,GoogleSafeBrowsing
api-v2-service.io,0,8,GoogleSafeBrowsing
beta-test-01.app,0,5,GoogleSafeBrowsing
version-3-release.tech,0,6,GoogleSafeBrowsing
alpha-2024-test.site,0,7,GoogleSafeBrowsing
server-01-backup.online,0,8,GoogleSafeBrowsing
node-js-api-2.dev,0,5,GoogleSafeBrowsing
react-app-18.demo,0,6,GoogleSafeBrowsing
customer-support-update.com,1,85,PhishTank
billing-invoice-alert.net,1,86,PhishTank
security-verification-required.org,1,87,PhishTank
account-suspension-notice.co,1,88,PhishTank
payment-confirmation-required.io,1,89,PhishTank
fraud-detection-alert.com,1,90,PhishTank
login-activity-unusual.net,1,91,PhishTank
password-reset-immediate.org,1,92,PhishTank
suspicious-login-detected.co,1,93,PhishTank
verify-identity-now.io,1,94,PhishTank